,,,,,,
"""Bitcoin""",BTC,6336.94572082,1,20,126738.9144164,"""2018-09-12T21:00:27.884Z"""
,,,,,,
"""XRP""",XRP,0.268937464606,0.00004243960362835481,12,3.227249575272,"""2018-09-12T21:00:27.884Z"""
,,,,,,
"""Dash""",DASH,181.198691546,0.02859401035275917,154,27904.598498084,"""2018-09-12T21:00:27.884Z"""
,,,,,,
"""Monero""",XMR,101.484218669,0.016014689590219174,60,6089.05312014,"""2018-09-12T21:00:27.884Z"""
,,,,,,
"""Bitcoin""",BTC,6342.01636837,1,20,126840.32736740001,"""2018-09-12T21:14:20.139Z"""
,,,,,,
"""XRP""",XRP,0.267910513151,0.000042243743565085957,12,3.214926157812,"""2018-09-12T21:14:20.139Z"""
,,,,,,
"""Dash""",DASH,181.444994269,0.02860998517347477,154,27942.529117426002,"""2018-09-12T21:14:20.139Z"""
,,,,,,
"""Monero""",XMR,101.242688206,0.015963801151781164,60,6074.56129236,"""2018-09-12T21:14:20.139Z"""
,,,,,,
"""Bitcoin""",BTC,6344.22739461,1,20,126884.5478922,"""2018-09-12T21:29:18.965Z"""
,,,,,,
"""XRP""",XRP,0.267636621145,0.000042185849355333905,12,3.2116394537399997,"""2018-09-12T21:29:18.965Z"""
,,,,,,
"""Dash""",DASH,182.739834187,0.028804111646794715,154,28141.934464798003,"""2018-09-12T21:29:18.965Z"""
,,,,,,
"""Monero""",XMR,103.224191034,0.016270569229863727,60,6193.4514620400005,"""2018-09-12T21:29:18.965Z"""
,,,,,,
"""Bitcoin""",BTC,6332.84737676,1,20,126656.9475352,"""2018-09-12T22:14:19.446Z"""
,,,,,,
"""XRP""",XRP,0.267510105346,0.00004224167888960922,12,3.210121264152,"""2018-09-12T22:14:19.446Z"""
,,,,,,
"""Dash""",DASH,182.486452621,0.028815861454466855,154,28102.913703634003,"""2018-09-12T22:14:19.446Z"""
,,,,,,
"""Monero""",XMR,103.628970621,0.016363724633771053,60,6217.73823726,"""2018-09-12T22:14:19.446Z"""
,,,,,,
"""Bitcoin""",BTC,6339.2451426,1,20,126784.902852,"""2018-09-12T22:29:23.623Z"""
,,,,,,
"""XRP""",XRP,0.267661583604,0.00004222294257171136,12,3.211939003248,"""2018-09-12T22:29:23.623Z"""
,,,,,,
"""Dash""",DASH,182.855812024,0.028845045097751636,154,28159.795051695997,"""2018-09-12T22:29:23.623Z"""
,,,,,,
"""Monero""",XMR,104.081284116,0.016418561165361677,60,6244.87704696,"""2018-09-12T22:29:23.623Z"""
,,,,,,
"""Bitcoin""",BTC,6349.03689995,1,20,126980.73799899999,"""2018-09-12T22:44:19.321Z"""
,,,,,,
"""XRP""",XRP,0.269111791504,0.00004238623837674015,12,3.229341498048,"""2018-09-12T22:44:19.321Z"""
,,,,,,
"""Dash""",DASH,184.95535938,0.02913124656457054,154,28483.12534452,"""2018-09-12T22:44:19.321Z"""
,,,,,,
"""Monero""",XMR,104.577115341,0.016471335257450398,60,6274.626920459999,"""2018-09-12T22:44:19.321Z"""
,,,,,,
"""Bitcoin""",BTC,6353.62276409,1,20,127072.4552818,"""2018-09-12T23:14:19.203Z"""
,,,,,,
"""XRP""",XRP,0.270569197272,0.000042585027049642975,12,3.246830367264,"""2018-09-12T23:14:19.203Z"""
,,,,,,
"""Dash""",DASH,185.868030283,0.02925386620897708,154,28623.676663582,"""2018-09-12T23:14:19.203Z"""
,,,,,,
"""Monero""",XMR,104.654323704,0.016471598580812055,60,6279.25942224,"""2018-09-12T23:14:19.203Z"""
,,,,,,
"""Bitcoin""",BTC,6348.38628412,1,20,126967.72568239999,"""2018-09-12T23:29:29.236Z"""
,,,,,,
"""XRP""",XRP,0.270294140154,0.00004257682630783196,12,3.243529681848,"""2018-09-12T23:29:29.236Z"""
,,,,,,
"""Dash""",DASH,185.829154055,0.029271872526068134,154,28617.68972447,"""2018-09-12T23:29:29.236Z"""
,,,,,,
"""Monero""",XMR,104.140363746,0.01640422606395252,60,6248.42182476,"""2018-09-12T23:29:29.236Z"""
,,,,,,
"""Bitcoin""",BTC,6354.75756047,1,20,127095.15120939999,"""2018-09-12T23:44:19.527Z"""
,,,,,,
"""XRP""",XRP,0.270081261901,0.000042500639769650746,12,3.240975142812,"""2018-09-12T23:44:19.527Z"""
,,,,,,
"""Dash""",DASH,185.491008289,0.0291893131286162,154,28565.615276506,"""2018-09-12T23:44:19.527Z"""
,,,,,,
"""Monero""",XMR,104.532475789,0.016449482894398376,60,6271.94854734,"""2018-09-12T23:44:19.527Z"""
,,,,,,
"""Bitcoin""",BTC,6358.2079671,1,20,127164.159342,"""2018-09-12T23:59:20.330Z"""
,,,,,,
"""XRP""",XRP,0.270087310792,0.00004247852731296987,12,3.241047729504,"""2018-09-12T23:59:20.330Z"""
,,,,,,
"""Dash""",DASH,185.263251754,0.029137652104591225,154,28530.540770116,"""2018-09-12T23:59:20.330Z"""
,,,,,,
"""Monero""",XMR,104.323438806,0.01640767954521347,60,6259.40632836,"""2018-09-12T23:59:20.330Z"""
,,,,,,
"""Bitcoin""",BTC,6351.70975252,1,20,127034.1950504,"""2018-09-13T00:14:18.665Z"""
,,,,,,
"""XRP""",XRP,0.273137380256,0.00004300218223095514,12,3.277648563072,"""2018-09-13T00:14:18.665Z"""
,,,,,,
"""Dash""",DASH,186.406850692,0.029347507671937355,154,28706.655006568002,"""2018-09-13T00:14:18.665Z"""
,,,,,,
"""Monero""",XMR,104.753758895,0.016492214376363723,60,6285.225533700001,"""2018-09-13T00:14:18.665Z"""
,,,,,,
"""Bitcoin""",BTC,6392.89117815,1,20,127857.823563,"""2018-09-13T00:29:24.190Z"""
,,,,,,
"""XRP""",XRP,0.274215150457,0.0000428937616511022,12,3.290581805484,"""2018-09-13T00:29:24.190Z"""
,,,,,,
"""Dash""",DASH,186.850101111,0.02922779316964244,154,28774.915571094,"""2018-09-13T00:29:24.190Z"""
,,,,,,
"""Monero""",XMR,106.619441196,0.016677812624186408,60,6397.16647176,"""2018-09-13T00:29:24.190Z"""
,,,,,,
"""Bitcoin""",BTC,6416.78158095,1,20,128335.63161899999,"""2018-09-13T00:44:19.169Z"""
,,,,,,
"""XRP""",XRP,0.274852290996,0.00004283335618154363,12,3.298227491952,"""2018-09-13T00:44:19.169Z"""
,,,,,,
"""Dash""",DASH,186.585799488,0.029077785667807644,154,28734.213121152,"""2018-09-13T00:44:19.169Z"""
,,,,,,
"""Monero""",XMR,106.063186161,0.016529031699610605,60,6363.79116966,"""2018-09-13T00:44:19.169Z"""
,,,,,,
"""Bitcoin""",BTC,6421.77959928,1,20,128435.59198560001,"""2018-09-13T00:59:20.960Z"""
,,,,,,
"""XRP""",XRP,0.275842134374,0.000042954157817083446,12,3.310105612488,"""2018-09-13T00:59:20.960Z"""
,,,,,,
"""Dash""",DASH,186.625123087,0.02906127813977361,154,28740.268955397998,"""2018-09-13T00:59:20.960Z"""
,,,,,,
"""Monero""",XMR,105.924155498,0.01649451742471449,60,6355.449329880001,"""2018-09-13T00:59:20.960Z"""
,,,,,,
"""Bitcoin""",BTC,6419.11341256,1,20,128382.2682512,"""2018-09-13T01:59:20.164Z"""
,,,,,,
"""XRP""",XRP,0.272970786226,0.00004252468661667357,12,3.275649434712,"""2018-09-13T01:59:20.164Z"""
,,,,,,
"""Dash""",DASH,186.025379406,0.028979917856259127,154,28647.908428524002,"""2018-09-13T01:59:20.164Z"""
,,,,,,
"""Monero""",XMR,106.26442775,0.016554377671856836,60,6375.865664999999,"""2018-09-13T01:59:20.164Z"""
,,,,,,
"""Bitcoin""",BTC,6421.81315,1,20,128436.263,"""2018-09-13T02:14:20.152Z"""
,,,,,,
"""XRP""",XRP,0.271534192952,0.000042283103947364146,12,3.258410315424,"""2018-09-13T02:14:20.152Z"""
,,,,,,
"""Dash""",DASH,185.768457556,0.028927726985641118,154,28608.342463623998,"""2018-09-13T02:14:20.152Z"""
,,,,,,
"""Monero""",XMR,106.485438274,0.016581833788483866,60,6389.12629644,"""2018-09-13T02:14:20.152Z"""
,,,,,,
"""Bitcoin""",BTC,6414.72473704,1,20,128294.4947408,"""2018-09-13T02:29:20.420Z"""
,,,,,,
"""XRP""",XRP,0.271943407486,0.00004239362071387729,12,3.263320889832,"""2018-09-13T02:29:20.420Z"""
,,,,,,
"""Dash""",DASH,185.258812672,0.028880243543776055,154,28529.857151488002,"""2018-09-13T02:29:20.420Z"""
,,,,,,
"""Monero""",XMR,106.234223916,0.01656099494068401,60,6374.05343496,"""2018-09-13T02:29:20.420Z"""
,,,,,,
"""Bitcoin""",BTC,6412.39024817,1,20,128247.80496339999,"""2018-09-13T02:44:19.596Z"""
,,,,,,
"""XRP""",XRP,0.27191430468,0.000042404515969314294,12,3.26297165616,"""2018-09-13T02:44:19.596Z"""
,,,,,,
"""Dash""",DASH,184.749658377,0.0288113560196566,154,28451.447390058,"""2018-09-13T02:44:19.596Z"""
,,,,,,
"""Monero""",XMR,106.062981602,0.016540319209715718,60,6363.778896119999,"""2018-09-13T02:44:19.596Z"""
,,,,,,
"""Bitcoin""",BTC,6413.50913969,1,20,128270.18279379999,"""2018-09-13T02:59:19.060Z"""
,,,,,,
"""XRP""",XRP,0.272794732138,0.00004253439516438978,12,3.273536785656,"""2018-09-13T02:59:19.060Z"""
,,,,,,
"""Dash""",DASH,184.254429599,0.0287291131244737,154,28375.182158246,"""2018-09-13T02:59:19.060Z"""
,,,,,,
"""Monero""",XMR,105.925927382,0.01651606399474469,60,6355.55564292,"""2018-09-13T02:59:19.060Z"""
,,,,,,
"""Bitcoin""",BTC,6413.26438212,1,20,128265.2876424,"""2018-09-13T03:14:22.314Z"""
,,,,,,
"""XRP""",XRP,0.272992715924,0.00004256688944324453,12,3.275912591088,"""2018-09-13T03:14:22.314Z"""
,,,,,,
"""Dash""",DASH,184.152350419,0.028714292666993668,154,28359.461964526,"""2018-09-13T03:14:22.314Z"""
,,,,,,
"""Monero""",XMR,105.675191739,0.016477597903747653,60,6340.51150434,"""2018-09-13T03:14:22.314Z"""
,,,,,,
"""Bitcoin""",BTC,6419.27816182,1,20,128385.56323639999,"""2018-09-13T03:29:19.038Z"""
,,,,,,
"""XRP""",XRP,0.272643320481,0.00004247258236955725,12,3.271719845772,"""2018-09-13T03:29:19.038Z"""
,,,,,,
"""Dash""",DASH,183.952806757,0.028656307160997915,154,28328.732240578,"""2018-09-13T03:29:19.038Z"""
,,,,,,
"""Monero""",XMR,105.607095979,0.016451553167943445,60,6336.42575874,"""2018-09-13T03:29:19.038Z"""
,,,,,,
"""Bitcoin""",BTC,6415.9747114,1,20,128319.494228,"""2018-09-13T03:44:19.149Z"""
,,,,,,
"""XRP""",XRP,0.271870603103,0.00004237401413380515,12,3.2624472372359996,"""2018-09-13T03:44:19.149Z"""
,,,,,,
"""Dash""",DASH,183.592708579,0.02861493644181448,154,28273.277121166,"""2018-09-13T03:44:19.149Z"""
,,,,,,
"""Monero""",XMR,105.443838041,0.016434578187106287,60,6326.630282460001,"""2018-09-13T03:44:19.149Z"""
,,,,,,
"""Bitcoin""",BTC,6410.80594561,1,20,128216.1189122,"""2018-09-13T03:59:21.319Z"""
,,,,,,
"""XRP""",XRP,0.27221037531,0.000042461178457040106,12,3.2665245037199995,"""2018-09-13T03:59:21.319Z"""
,,,,,,
"""Dash""",DASH,183.87391013,0.028681871154735767,154,28316.582160020003,"""2018-09-13T03:59:21.319Z"""
,,,,,,
"""Monero""",XMR,105.223629881,0.016413479174651226,60,6313.417792859999,"""2018-09-13T03:59:21.319Z"""
,,,,,,
"""Bitcoin""",BTC,6415.6494876,1,20,128312.989752,"""2018-09-13T04:14:30.863Z"""
,,,,,,
"""XRP""",XRP,0.272991408662,0.00004255086085822343,12,3.275896903944,"""2018-09-13T04:14:30.863Z"""
,,,,,,
"""Dash""",DASH,184.500312704,0.028757854222023416,154,28413.048156416,"""2018-09-13T04:14:30.863Z"""
,,,,,,
"""Monero""",XMR,105.347640854,0.016420417146792883,60,6320.85845124,"""2018-09-13T04:14:30.863Z"""
,,,,,,
"""Bitcoin""",BTC,6520.46385406,1,20,130409.2770812,"""2018-09-13T14:14:18.919Z"""
,,,,,,
"""XRP""",XRP,0.280784358403,0.000043062022071967804,12,3.3694123008359997,"""2018-09-13T14:14:18.919Z"""
,,,,,,
"""Dash""",DASH,200.435090148,0.030739391343025092,154,30867.003882792,"""2018-09-13T14:14:18.919Z"""
,,,,,,
"""Monero""",XMR,116.013428031,0.017792204761439428,60,6960.80568186,"""2018-09-13T14:14:18.919Z"""
,,,,,,
"""Bitcoin""",BTC,6523.12366302,1,20,130462.4732604,"""2018-09-14T22:29:23.536Z"""
,,,,,,
"""XRP""",XRP,0.280339962015,0.00004297633718095289,12,3.36407954418,"""2018-09-14T22:29:23.536Z"""
,,,,,,
"""Dash""",DASH,192.714065702,0.02954321819690591,154,29677.966118108,"""2018-09-14T22:29:23.536Z"""
,,,,,,
"""Monero""",XMR,117.062417341,0.017945760863715375,60,7023.74504046,"""2018-09-14T22:29:23.536Z"""
,,,,,,
"""Bitcoin""",BTC,6540.43422414,1,20,130808.6844828,"""2018-09-14T22:44:24.018Z"""
,,,,,,
"""XRP""",XRP,0.279517496344,0.00004273684082202565,12,3.3542099561280003,"""2018-09-14T22:44:24.018Z"""
,,,,,,
"""Dash""",DASH,192.509197924,0.02943370292043767,154,29646.416480296,"""2018-09-14T22:44:24.018Z"""
,,,,,,
"""Monero""",XMR,116.65909702,0.017836598155734757,60,6999.5458212,"""2018-09-14T22:44:24.018Z"""
,,,,,,
"""Bitcoin""",BTC,6535.02152772,1,20,130700.43055440001,"""2018-09-14T22:59:23.783Z"""
,,,,,,
"""XRP""",XRP,0.279860239802,0.0000428246852156339,12,3.3583228776239995,"""2018-09-14T22:59:23.783Z"""
,,,,,,
"""Dash""",DASH,192.69414221,0.029486382163033047,154,29674.897900339998,"""2018-09-14T22:59:23.783Z"""
,,,,,,
"""Monero""",XMR,116.871794866,0.01788391887773556,60,7012.30769196,"""2018-09-14T22:59:23.783Z"""
,,,,,,
"""Bitcoin""",BTC,6537.99774366,1,20,130759.95487320001,"""2018-09-14T23:14:23.481Z"""
,,,,,,
"""XRP""",XRP,0.280238060957,0.000042862979148127,12,3.362856731484,"""2018-09-14T23:14:23.481Z"""
,,,,,,
"""Dash""",DASH,192.795929633,0.029488528016082177,154,29690.573163481997,"""2018-09-14T23:14:23.481Z"""
,,,,,,
"""Monero""",XMR,117.298691784,0.017941072539791925,60,7037.92150704,"""2018-09-14T23:14:23.481Z"""
,,,,,,
"""Bitcoin""",BTC,6537.43026606,1,20,130748.6053212,"""2018-09-14T23:29:23.943Z"""
,,,,,,
"""XRP""",XRP,0.279202963373,0.0000427083658272459,12,3.350435560476,"""2018-09-14T23:29:23.943Z"""
,,,,,,
"""Dash""",DASH,192.435198111,0.029435908343077057,154,29635.020509094,"""2018-09-14T23:29:23.943Z"""
,,,,,,
"""Monero""",XMR,116.585119202,0.017833478057466746,60,6995.10715212,"""2018-09-14T23:29:23.943Z"""
,,,,,,
"""Bitcoin""",BTC,6506.78799768,1,20,130135.7599536,"""2018-09-15T00:14:20.288Z"""
,,,,,,
"""XRP""",XRP,0.277577132917,0.00004265962453609527,12,3.3309255950039995,"""2018-09-15T00:14:20.288Z"""
,,,,,,
"""Dash""",DASH,190.504041121,0.029277739060950554,154,29337.622332634,"""2018-09-15T00:14:20.288Z"""
,,,,,,
"""Monero""",XMR,116.357904362,0.01788254118675566,60,6981.47426172,"""2018-09-15T00:14:20.288Z"""
,,,,,,
"""Bitcoin""",BTC,6506.72736082,1,20,130134.54721640001,"""2018-09-15T00:29:18.890Z"""
,,,,,,
"""XRP""",XRP,0.277323357628,0.00004262102009958055,12,3.3278802915359997,"""2018-09-15T00:29:18.890Z"""
,,,,,,
"""Dash""",DASH,190.426334813,0.02926606944677667,154,29325.655561202002,"""2018-09-15T00:29:18.890Z"""
,,,,,,
"""Monero""",XMR,117.605305288,0.018074417255616957,60,7056.31831728,"""2018-09-15T00:29:18.890Z"""
,,,,,,
"""Bitcoin""",BTC,6496.07061572,1,20,129921.4123144,"""2018-09-15T00:44:18.931Z"""
,,,,,,
"""XRP""",XRP,0.276985933754,0.00004263899673191898,12,3.323831205048,"""2018-09-15T00:44:18.931Z"""
,,,,,,
"""Dash""",DASH,190.43318202,0.029315134222704736,154,29326.71003108,"""2018-09-15T00:44:18.931Z"""
,,,,,,
"""Monero""",XMR,117.877521832,0.018145972974300078,60,7072.65130992,"""2018-09-15T00:44:18.931Z"""
,,,,,,
"""Bitcoin""",BTC,6499.05291209,1,20,129981.0582418,"""2018-09-15T00:59:19.711Z"""
,,,,,,
"""XRP""",XRP,0.277068755375,0.00004263217412179812,12,3.3248250644999997,"""2018-09-15T00:59:19.711Z"""
,,,,,,
"""Dash""",DASH,190.72051937,0.029345894232559355,154,29370.95998298,"""2018-09-15T00:59:19.711Z"""
,,,,,,
"""Monero""",XMR,117.64817531,0.01810235689744001,60,7058.8905186,"""2018-09-15T00:59:19.711Z"""
,,,,,,
"""Bitcoin""",BTC,6366.39252887,1,20,127327.85057740001,"""2018-09-18T22:29:23.224Z"""
,,,,,,
"""XRP""",XRP,0.326863260484,0.00005134198983203702,12,3.9223591258079997,"""2018-09-18T22:29:23.224Z"""
,,,,,,
"""Dash""",DASH,187.576306621,0.02946351576193084,154,28886.751219634,"""2018-09-18T22:29:23.224Z"""
,,,,,,
"""Monero""",XMR,112.634216039,0.017691999908618885,60,6758.05296234,"""2018-09-18T22:29:23.224Z"""
,,,,,,
"""Bitcoin""",BTC,6372.71376014,1,20,127454.2752028,"""2018-09-18T22:44:22.362Z"""
,,,,,,
"""XRP""",XRP,0.323474034714,0.00005075922862521503,12,3.881688416568,"""2018-09-18T22:44:22.362Z"""
,,,,,,
"""Dash""",DASH,188.147505321,0.029523922210004716,154,28974.715819434,"""2018-09-18T22:44:22.362Z"""
,,,,,,
"""Monero""",XMR,113.071100477,0.01774300631298337,60,6784.26602862,"""2018-09-18T22:44:22.362Z"""
,,,,,,
"""Bitcoin""",BTC,6360.93091106,1,20,127218.6182212,"""2018-09-19T00:14:22.317Z"""
,,,,,,
"""XRP""",XRP,0.320567186506,0.00005039626919207962,12,3.8468062380720003,"""2018-09-19T00:14:22.317Z"""
,,,,,,
"""Dash""",DASH,194.948687172,0.03064782339217599,154,30022.097824488003,"""2018-09-19T00:14:22.317Z"""
,,,,,,
"""Monero""",XMR,112.698078681,0.017717230426925003,60,6761.88472086,"""2018-09-19T00:14:22.317Z"""
,,,,,,
"""Bitcoin""",BTC,6349.04882525,1,20,126980.976505,"""2018-09-19T00:29:22.086Z"""
,,,,,,
"""XRP""",XRP,0.320986701541,0.00005055665980460638,12,3.8518404184920003,"""2018-09-19T00:29:22.086Z"""
,,,,,,
"""Dash""",DASH,195.120613655,0.03073225911872192,154,30048.57450287,"""2018-09-19T00:29:22.086Z"""
,,,,,,
"""Monero""",XMR,112.738129178,0.017756695889570642,60,6764.28775068,"""2018-09-19T00:29:22.086Z"""
,,,,,,
"""Bitcoin""",BTC,6351.79459012,1,20,127035.8918024,"""2018-09-19T00:44:23.058Z"""
,,,,,,
"""XRP""",XRP,0.319974414435,0.000050375434831080544,12,3.83969297322,"""2018-09-19T00:44:23.058Z"""
,,,,,,
"""Dash""",DASH,193.953502424,0.030535229008458186,154,29868.839373296,"""2018-09-19T00:44:23.058Z"""
,,,,,,
"""Monero""",XMR,112.835532607,0.017764354782900543,60,6770.13195642,"""2018-09-19T00:44:23.058Z"""
,,,,,,
"""Bitcoin""",BTC,6317.56192205,1,20,126351.23844100001,"""2018-09-19T13:44:18.003Z"""
,,,,,,
"""XRP""",XRP,0.318279340819,0.000050380090412429356,12,3.819352089828,"""2018-09-19T13:44:18.003Z"""
,,,,,,
"""Dash""",DASH,187.639076027,0.029701185099917874,154,28896.417708158,"""2018-09-19T13:44:18.003Z"""
,,,,,,
"""Monero""",XMR,108.540301338,0.017180726153101088,60,6512.41808028,"""2018-09-19T13:44:18.003Z"""
,,,,,,
"""Bitcoin""",BTC,6316.00478634,1,20,126320.09572679999,"""2018-09-19T13:59:18.852Z"""
,,,,,,
"""XRP""",XRP,0.316935652407,0.00005017976761076173,12,3.8032278288840002,"""2018-09-19T13:59:18.852Z"""
,,,,,,
"""Dash""",DASH,187.501543662,0.029686732357695606,154,28875.237723947997,"""2018-09-19T13:59:18.852Z"""
,,,,,,
"""Monero""",XMR,108.211374126,0.01713288348989779,60,6492.68244756,"""2018-09-19T13:59:18.852Z"""
,,,,,,
"""Bitcoin""",BTC,6309.08829556,1,20,126181.7659112,"""2018-09-19T14:14:18.259Z"""
,,,,,,
"""XRP""",XRP,0.317533314719,0.00005032950877268004,12,3.8103997766279996,"""2018-09-19T14:14:18.259Z"""
,,,,,,
"""Dash""",DASH,187.624309032,0.029738735652826417,154,28894.143590928,"""2018-09-19T14:14:18.259Z"""
,,,,,,
"""Monero""",XMR,108.720965161,0.01723243677497936,60,6523.257909659999,"""2018-09-19T14:14:18.259Z"""
,,,,,,
"""Bitcoin""",BTC,6340.39832727,1,20,126807.96654539999,"""2018-09-19T14:44:17.397Z"""
,,,,,,
"""XRP""",XRP,0.324571053449,0.0000511909562610637,12,3.894852641388,"""2018-09-19T14:44:17.397Z"""
,,,,,,
"""Dash""",DASH,189.881986633,0.02994795860321885,154,29241.825941482,"""2018-09-19T14:44:17.397Z"""
,,,,,,
"""Monero""",XMR,109.353150899,0.01724704746524726,60,6561.18905394,"""2018-09-19T14:44:17.397Z"""
,,,,,,
"""Bitcoin""",BTC,6346.37704625,1,20,126927.540925,"""2018-09-19T14:59:17.658Z"""
,,,,,,
"""XRP""",XRP,0.324087948463,0.00005106660794043111,12,3.889055381556,"""2018-09-19T14:59:17.658Z"""
,,,,,,
"""Dash""",DASH,189.764552443,0.029901241457932236,154,29223.741076222002,"""2018-09-19T14:59:17.658Z"""
,,,,,,
"""Monero""",XMR,109.271280393,0.01721789921977093,60,6556.2768235799995,"""2018-09-19T14:59:17.658Z"""
,,,,,,
"""Bitcoin""",BTC,6355.86865527,1,20,127117.37310540001,"""2018-09-19T15:44:17.842Z"""
,,,,,,
"""XRP""",XRP,0.326111676594,0.000051308750114526494,12,3.9133401191279997,"""2018-09-19T15:44:17.842Z"""
,,,,,,
"""Dash""",DASH,191.043257405,0.030057773023140673,154,29420.66164037,"""2018-09-19T15:44:17.842Z"""
,,,,,,
"""Monero""",XMR,109.868245933,0.017286110190760817,60,6592.09475598,"""2018-09-19T15:44:17.842Z"""
,,,,,,
"""Bitcoin""",BTC,6355.00684576,1,20,127100.1369152,"""2018-09-19T15:59:17.074Z"""
,,,,,,
"""XRP""",XRP,0.325741547106,0.00005125746596533278,12,3.908898565272,"""2018-09-19T15:59:17.074Z"""
,,,,,,
"""Dash""",DASH,189.599742864,0.029834703166448852,154,29198.360401056,"""2018-09-19T15:59:17.074Z"""
,,,,,,
"""Monero""",XMR,109.642239258,0.01725289081807241,60,6578.53435548,"""2018-09-19T15:59:17.074Z"""
,,,,,,
"""Bitcoin""",BTC,6359.36189042,1,20,127187.23780840001,"""2018-09-19T16:14:17.656Z"""
,,,,,,
"""XRP""",XRP,0.323657051839,0.00005089457989905718,12,3.883884622068,"""2018-09-19T16:14:17.656Z"""
,,,,,,
"""Dash""",DASH,189.404188288,0.02978352098082767,154,29168.244996352,"""2018-09-19T16:14:17.656Z"""
,,,,,,
"""Monero""",XMR,109.721327394,0.0172535121109067,60,6583.27964364,"""2018-09-19T16:14:17.656Z"""
,,,,,,
"""Bitcoin""",BTC,6355.80018293,1,20,127116.0036586,"""2018-09-19T16:29:18.182Z"""
,,,,,,
"""XRP""",XRP,0.32085530763,0.00005048228364568989,12,3.8502636915599995,"""2018-09-19T16:29:18.182Z"""
,,,,,,
"""Dash""",DASH,189.011867194,0.02973848480977044,154,29107.827547875997,"""2018-09-19T16:29:18.182Z"""
,,,,,,
"""Monero""",XMR,109.455614836,0.0172213744431376,60,6567.33689016,"""2018-09-19T16:29:18.182Z"""
,,,,,,
"""Bitcoin""",BTC,6342.15059315,1,20,126843.01186299999,"""2018-09-19T16:44:17.347Z"""
,,,,,,
"""XRP""",XRP,0.323481081273,0.00005100495116315654,12,3.881772975276,"""2018-09-19T16:44:17.347Z"""
,,,,,,
"""Dash""",DASH,189.054808325,0.029809258791362262,154,29114.440482050002,"""2018-09-19T16:44:17.347Z"""
,,,,,,
"""Monero""",XMR,109.273808557,0.017229771975932572,60,6556.42851342,"""2018-09-19T16:44:17.347Z"""
,,,,,,
"""Bitcoin""",BTC,6346.69618585,1,20,126933.923717,"""2018-09-19T16:59:17.546Z"""
,,,,,,
"""XRP""",XRP,0.323933099115,0.00005103964167013555,12,3.88719718938,"""2018-09-19T16:59:17.546Z"""
,,,,,,
"""Dash""",DASH,189.168690887,0.029805852580237387,154,29131.978396598,"""2018-09-19T16:59:17.546Z"""
,,,,,,
"""Monero""",XMR,109.198085316,0.017205500644486157,60,6551.88511896,"""2018-09-19T16:59:17.546Z"""
,,,,,,
"""Bitcoin""",BTC,6353.20265488,1,20,127064.0530976,"""2018-09-19T17:14:17.717Z"""
,,,,,,
"""XRP""",XRP,0.322423392668,0.000050749741537103536,12,3.8690807120160002,"""2018-09-19T17:14:17.717Z"""
,,,,,,
"""Dash""",DASH,188.76609464,0.029711958659937542,154,29069.978574560002,"""2018-09-19T17:14:17.717Z"""
,,,,,,
"""Monero""",XMR,109.28940367,0.017202253667455893,60,6557.3642202,"""2018-09-19T17:14:17.717Z"""
,,,,,,
"""Bitcoin""",BTC,6345.0169646,1,20,126900.339292,"""2018-09-19T17:29:18.116Z"""
,,,,,,
"""XRP""",XRP,0.323478345939,0.00005098147849623481,12,3.8817401512679997,"""2018-09-19T17:29:18.116Z"""
,,,,,,
"""Dash""",DASH,189.007988867,0.029788413478089942,154,29107.230285518,"""2018-09-19T17:29:18.116Z"""
,,,,,,
"""Monero""",XMR,109.373482558,0.017237697419599424,60,6562.4089534800005,"""2018-09-19T17:29:18.116Z"""
,,,,,,
"""Bitcoin""",BTC,6350.66936651,1,20,127013.3873302,"""2018-09-19T17:44:17.559Z"""
,,,,,,
"""XRP""",XRP,0.324268995884,0.000051060601201192985,12,3.891227950608,"""2018-09-19T17:44:17.559Z"""
,,,,,,
"""Dash""",DASH,189.346801459,0.0298152510438526,154,29159.407424686,"""2018-09-19T17:44:17.559Z"""
,,,,,,
"""Monero""",XMR,109.401787771,0.017226812081876902,60,6564.10726626,"""2018-09-19T17:44:17.559Z"""
,,,,,,
"""Bitcoin""",BTC,6342.16840429,1,20,126843.3680858,"""2018-09-19T18:14:17.859Z"""
,,,,,,
"""XRP""",XRP,0.323412341287,0.000050993969360421886,12,3.8809480954440003,"""2018-09-19T18:14:17.859Z"""
,,,,,,
"""Dash""",DASH,188.322608807,0.02969372567899867,154,29001.681756277998,"""2018-09-19T18:14:17.859Z"""
,,,,,,
"""Monero""",XMR,108.658009495,0.017132627607538933,60,6519.4805697,"""2018-09-19T18:14:17.859Z"""
,,,,,,
"""Bitcoin""",BTC,6328.04682297,1,20,126560.93645939999,"""2018-09-19T18:29:20.927Z"""
,,,,,,
"""XRP""",XRP,0.32121349537,0.00005076029055348265,12,3.85456194444,"""2018-09-19T18:29:20.927Z"""
,,,,,,
"""Dash""",DASH,188.010675165,0.02971069595796057,154,28953.643975410003,"""2018-09-19T18:29:20.927Z"""
,,,,,,
"""Monero""",XMR,108.461672214,0.01713983401960586,60,6507.700332840001,"""2018-09-19T18:29:20.927Z"""
,,,,,,
"""Bitcoin""",BTC,6292.72390647,1,20,125854.4781294,"""2018-09-19T18:44:17.770Z"""
,,,,,,
"""XRP""",XRP,0.317759737887,0.0000504963736864871,12,3.813116854644,"""2018-09-19T18:44:17.770Z"""
,,,,,,
"""Dash""",DASH,186.663456424,0.02966337935660548,154,28746.172289296,"""2018-09-19T18:44:17.770Z"""
,,,,,,
"""Monero""",XMR,107.40860767,0.017068698590059786,60,6444.5164601999995,"""2018-09-19T18:44:17.770Z"""
,,,,,,
"""Bitcoin""",BTC,6260.86237196,1,20,125217.2474392,"""2018-09-19T18:59:17.316Z"""
,,,,,,
"""XRP""",XRP,0.317172522603,0.00005065955834191373,12,3.806070271236,"""2018-09-19T18:59:17.316Z"""
,,,,,,
"""Dash""",DASH,186.712492602,0.029822168498418622,154,28753.723860708,"""2018-09-19T18:59:17.316Z"""
,,,,,,
"""Monero""",XMR,107.222096378,0.0171257711810128,60,6433.32578268,"""2018-09-19T18:59:17.316Z"""
,,,,,,
"""Bitcoin""",BTC,6208.32839997,1,20,124166.5679994,"""2018-09-19T19:14:17.827Z"""
,,,,,,
"""XRP""",XRP,0.313852787023,0.00005055350922230799,12,3.766233444276,"""2018-09-19T19:14:17.827Z"""
,,,,,,
"""Dash""",DASH,186.313069319,0.03001018266364587,154,28692.212675126,"""2018-09-19T19:14:17.827Z"""
,,,,,,
"""Monero""",XMR,106.254396936,0.017114815791077265,60,6375.263816160001,"""2018-09-19T19:14:17.827Z"""
,,,,,,
"""Bitcoin""",BTC,6392.22290785,1,20,127844.45815700002,"""2018-09-19T19:29:17.286Z"""
,,,,,,
"""XRP""",XRP,0.320459650698,0.000050132740256047385,12,3.8455158083759997,"""2018-09-19T19:29:17.286Z"""
,,,,,,
"""Dash""",DASH,188.349065822,0.029465346959458658,154,29005.756136588,"""2018-09-19T19:29:17.286Z"""
,,,,,,
"""Monero""",XMR,108.624657188,0.01699325238714735,60,6517.47943128,"""2018-09-19T19:29:17.286Z"""
,,,,,,
"""Bitcoin""",BTC,6433.17111555,1,20,128663.422311,"""2018-09-19T19:44:17.935Z"""
,,,,,,
"""XRP""",XRP,0.326983103965,0.00005082767084721713,12,3.9237972475800005,"""2018-09-19T19:44:17.935Z"""
,,,,,,
"""Dash""",DASH,193.135382764,0.03002180095865335,154,29742.848945656002,"""2018-09-19T19:44:17.935Z"""
,,,,,,
"""Monero""",XMR,111.305412672,0.017301795750925556,60,6678.32476032,"""2018-09-19T19:44:17.935Z"""
,,,,,,
"""Bitcoin""",BTC,6438.89571508,1,20,128777.91430159999,"""2018-09-19T19:59:17.462Z"""
,,,,,,
"""XRP""",XRP,0.326199889283,0.000050660843678370885,12,3.9143986713959995,"""2018-09-19T19:59:17.462Z"""
,,,,,,
"""Dash""",DASH,192.607120646,0.029913067266318812,154,29661.496579484,"""2018-09-19T19:59:17.462Z"""
,,,,,,
"""Monero""",XMR,111.30365839,0.01728614087184624,60,6678.2195034,"""2018-09-19T19:59:17.462Z"""
,,,,,,
"""Bitcoin""",BTC,6431.28647272,1,20,128625.7294544,"""2018-09-19T20:14:28.197Z"""
,,,,,,
"""XRP""",XRP,0.327182263858,0.00005087353288425728,12,3.9261871662959997,"""2018-09-19T20:14:28.197Z"""
,,,,,,
"""Dash""",DASH,192.739556246,0.02996905161409863,154,29681.891661884,"""2018-09-19T20:14:28.197Z"""
,,,,,,
"""Monero""",XMR,111.332322189,0.017311050077032868,60,6679.93933134,"""2018-09-19T20:14:28.197Z"""
,,,,,,
"""Bitcoin""",BTC,6432.3044616,1,20,128646.089232,"""2018-09-19T20:29:18.747Z"""
,,,,,,
"""XRP""",XRP,0.327567903208,0.000050925435069738494,12,3.930814838496,"""2018-09-19T20:29:18.747Z"""
,,,,,,
"""Dash""",DASH,193.02878671,0.03000927394876224,154,29726.43315334,"""2018-09-19T20:29:18.747Z"""
,,,,,,
"""Monero""",XMR,111.326808207,0.017307453164197406,60,6679.60849242,"""2018-09-19T20:29:18.747Z"""
,,,,,,
"""Bitcoin""",BTC,6558.3463813,1,20,131166.927626,"""2018-09-21T03:29:18.735Z"""
,,,,,,
"""XRP""",XRP,0.454799190512,0.00006934662551657563,12,5.457590286144001,"""2018-09-21T03:29:18.735Z"""
,,,,,,
"""Dash""",DASH,205.447091282,0.03132605070506754,154,31638.852057428,"""2018-09-21T03:29:18.735Z"""
,,,,,,
"""Monero""",XMR,117.633697093,0.01793648737864964,60,7058.02182558,"""2018-09-21T03:29:18.735Z"""
,,,,,,
"""Bitcoin""",BTC,6560.56525746,1,20,131211.3051492,"""2018-09-21T03:44:17.902Z"""
,,,,,,
"""XRP""",XRP,0.459497918556,0.00007003937931011451,12,5.513975022672,"""2018-09-21T03:44:17.902Z"""
,,,,,,
"""Dash""",DASH,205.438232275,0.031314105448672545,154,31637.48777035,"""2018-09-21T03:44:17.902Z"""
,,,,,,
"""Monero""",XMR,117.68287425,0.017937916876321465,60,7060.972455,"""2018-09-21T03:44:17.902Z"""
,,,,,,
"""Bitcoin""",BTC,6564.48910804,1,20,131289.7821608,"""2018-09-21T03:59:18.090Z"""
,,,,,,
"""XRP""",XRP,0.456601146224,0.00006955623487359708,12,5.479213754688,"""2018-09-21T03:59:18.090Z"""
,,,,,,
"""Dash""",DASH,205.891495227,0.031364435501131376,154,31707.290264958003,"""2018-09-21T03:59:18.090Z"""
,,,,,,
"""Monero""",XMR,118.048289157,0.017982860084635954,60,7082.89734942,"""2018-09-21T03:59:18.090Z"""
,,,,,,
"""Bitcoin""",BTC,6565.75475409,1,20,131315.09508179998,"""2018-09-21T04:14:17.735Z"""
,,,,,,
"""XRP""",XRP,0.455301246834,0.00006934484516808667,12,5.463614962008,"""2018-09-21T04:14:17.735Z"""
,,,,,,
"""Dash""",DASH,205.666458154,0.03132411517897229,154,31672.634555716,"""2018-09-21T04:14:17.735Z"""
,,,,,,
"""Monero""",XMR,117.705517609,0.01792718766044038,60,7062.33105654,"""2018-09-21T04:14:17.735Z"""
,,,,,,
"""Bitcoin""",BTC,6555.15036417,1,20,131103.0072834,"""2018-09-21T04:29:17.141Z"""
,,,,,,
"""XRP""",XRP,0.451101028185,0.00006881627470373328,12,5.413212338219999,"""2018-09-21T04:29:17.141Z"""
,,,,,,
"""Dash""",DASH,204.873152144,0.03125376852738917,154,31550.465430176,"""2018-09-21T04:29:17.141Z"""
,,,,,,
"""Monero""",XMR,117.536242547,0.0179303655930526,60,7052.17455282,"""2018-09-21T04:29:17.141Z"""
,,,,,,
"""Bitcoin""",BTC,6554.89593061,1,20,131097.91861219998,"""2018-09-21T04:44:17.546Z"""
,,,,,,
"""XRP""",XRP,0.445570568305,0.00006797523149441294,12,5.3468468196600005,"""2018-09-21T04:44:17.546Z"""
,,,,,,
"""Dash""",DASH,204.088142653,0.031135222406804487,154,31429.573968562,"""2018-09-21T04:44:17.546Z"""
,,,,,,
"""Monero""",XMR,117.216770347,0.017882323623113844,60,7033.00622082,"""2018-09-21T04:44:17.546Z"""
,,,,,,
"""Bitcoin""",BTC,6554.56403195,1,20,131091.280639,"""2018-09-21T04:59:17.892Z"""
,,,,,,
"""XRP""",XRP,0.449864223815,0.00006863373698420705,12,5.39837068578,"""2018-09-21T04:59:17.892Z"""
,,,,,,
"""Dash""",DASH,203.948295812,0.031115463182274358,154,31408.037555048,"""2018-09-21T04:59:17.892Z"""
,,,,,,
"""Monero""",XMR,117.462694658,0.017920748670000337,60,7047.761679480001,"""2018-09-21T04:59:17.892Z"""
,,,,,,
"""Bitcoin""",BTC,6554.30786853,1,20,131086.1573706,"""2018-09-21T05:14:17.385Z"""
,,,,,,
"""XRP""",XRP,0.450914753914,0.00006879670027082985,12,5.410977046968,"""2018-09-21T05:14:17.385Z"""
,,,,,,
"""Dash""",DASH,203.640454654,0.031069711514737326,154,31360.630016716,"""2018-09-21T05:14:17.385Z"""
,,,,,,
"""Monero""",XMR,117.86288713,0.017982507000610926,60,7071.7732278,"""2018-09-21T05:14:17.385Z"""
,,,,,,
"""Bitcoin""",BTC,6548.13956416,1,20,130962.7912832,"""2018-09-21T05:29:18.215Z"""
,,,,,,
"""XRP""",XRP,0.448231574787,0.00006845174425424749,12,5.378778897444,"""2018-09-21T05:29:18.215Z"""
,,,,,,
"""Dash""",DASH,203.413363978,0.031064298795851035,154,31325.658052612,"""2018-09-21T05:29:18.215Z"""
,,,,,,
"""Monero""",XMR,117.979475694,0.018017251241824208,60,7078.76854164,"""2018-09-21T05:29:18.215Z"""
,,,,,,
"""Bitcoin""",BTC,6543.62868595,1,20,130872.57371899999,"""2018-09-21T05:44:19.224Z"""
,,,,,,
"""XRP""",XRP,0.453270301291,0.0000692689519905414,12,5.439243615492,"""2018-09-21T05:44:19.224Z"""
,,,,,,
"""Dash""",DASH,202.858847173,0.03100097161817321,154,31240.262464641997,"""2018-09-21T05:44:19.224Z"""
,,,,,,
"""Monero""",XMR,118.014597143,0.01803503878458023,60,7080.87582858,"""2018-09-21T05:44:19.224Z"""
,,,,,,
"""Bitcoin""",BTC,6300.49177563,1,20,126009.8355126,"""2018-10-12T19:06:45.303Z"""
,,,,,,
"""XRP""",XRP,0.42315059643,0.00006716151873520829,12,5.0778071571600005,"""2018-10-12T19:06:45.303Z"""
,,,,,,
"""Dash""",DASH,158.806195429,0.025205365086461148,154,24456.154096066002,"""2018-10-12T19:06:45.303Z"""
,,,,,,
"""Monero""",XMR,101.34181631,0.016084747019587467,60,6080.5089786,"""2018-10-12T19:06:45.303Z"""
,,,,,,
"""Bitcoin""",BTC,6481.13497859,1,20,129622.69957180001,"""2018-10-22T23:19:31.466Z"""
,,,,,,
"""XRP""",XRP,0.452920062948,0.00006988283139360489,12,5.435040755376001,"""2018-10-22T23:19:31.466Z"""
,,,,,,
"""Dash""",DASH,152.295008103,0.023498200331592608,154,23453.431247861998,"""2018-10-22T23:19:31.466Z"""
,,,,,,
"""Monero""",XMR,105.300929318,0.016247297682559402,60,6318.05575908,"""2018-10-22T23:19:31.466Z"""
,,,,,,
"""Bitcoin""",BTC,6481.13497859,1,20,129622.69957180001,"""2018-10-22T23:20:05.474Z"""
,,,,,,
"""XRP""",XRP,0.452920062948,0.00006988283139360489,12,5.435040755376001,"""2018-10-22T23:20:05.474Z"""
,,,,,,
"""Dash""",DASH,152.295008103,0.023498200331592608,154,23453.431247861998,"""2018-10-22T23:20:05.474Z"""
,,,,,,
"""Monero""",XMR,105.300929318,0.016247297682559402,60,6318.05575908,"""2018-10-22T23:20:05.474Z"""
,,,,,,
"""Bitcoin""",BTC,4227.00791793,1,20,84540.1583586,"""2018-12-24T01:47:56.338Z"""
,,,,,,
"""XRP""",XRP,0.388460935058,0.00009189974151934696,12,4.661531220696,"""2018-12-24T01:47:56.338Z"""
,,,,,,
"""Dash""",DASH,95.2043347182,0.02252286642624089,154,14661.4675466028,"""2018-12-24T01:47:56.338Z"""
,,,,,,
"""Monero""",XMR,56.0704051031,0.013264797746240828,60,3364.224306186,"""2018-12-24T01:47:56.338Z"""
,,,,,,
"""Bitcoin""",BTC,13402.3929671,1,20,268047.859342,"""2019-06-26T18:06:25.144Z"""
,,,,,,
"""XRP""",XRP,0.48716518202,0.00003634911938605934,12,5.8459821842399995,"""2019-06-26T18:06:25.144Z"""
,,,,,,
"""Dash""",DASH,184.426250663,0.013760695654554143,154,28401.642602101998,"""2019-06-26T18:06:25.144Z"""
,,,,,,
"""Monero""",XMR,111.556955344,0.008323659485126903,60,6693.41732064,"""2019-06-26T18:06:25.144Z"""
